image_url,image_title,category,local_path
https://unsplash-assets.imgix.net/unsplashplus/feeds/sports/mOf2ABBfdnY.jpg?h=189&q=80&w=340&auto=format&fit=crop,,Upgrade to Unsplash+ | Unsplash,full/f79e5a0ee8e3692db060dd113a4996c21d04316e.jpg
https://images.unsplash.com/photo-1710475512344-853809054d97?q=80&w=1000&auto=format&fit=crop&ixlib=rb-4.0.3&ixid=M3wxMjA3fDB8MHxwaG90by1wYWdlfHx8fGVufDB8fHx8fA%3D%3D,a bird sitting on top of a tree branch,A bird sitting on top of a tree branch photo – Free Flower Image on Unsplash,full/5e422f28a2b1a5020b69151978373d9f83cf2222.jpg
https://plus.unsplash.com/premium_photo-1709865755791-71873966214c?q=80&w=1000&auto=format&fit=crop&ixlib=rb-4.0.3&ixid=M3wxMjA3fDB8MHxwaG90by1wYWdlfHx8fGVufDB8fHx8fA%3D%3D,two men sitting in lawn chairs on a beach,Two men sitting in lawn chairs on a beach photo – Beach Image on Unsplash,full/aafc85fc19731645c59d42ea73f75ae578a401a8.jpg
https://images.unsplash.com/photo-1710336723033-bfae8216b139?q=80&w=1000&auto=format&fit=crop&ixlib=rb-4.0.3&ixid=M3wxMjA3fDB8MHxwaG90by1wYWdlfHx8fGVufDB8fHx8fA%3D%3D,a person walking on a beach with a surfboard,A person walking on a beach with a surfboard photo – Free Cap ferret Image on Unsplash,full/23dd1b6b3372d809cd01d979a1320e784fad096d.jpg
https://images.unsplash.com/photo-1707343848655-a196bfe88861?q=80&w=1000&auto=format&fit=crop&ixlib=rb-4.0.3&ixid=M3wxMjA3fDF8MHxwaG90by1wYWdlfHx8fGVufDB8fHx8fA%3D%3D,a person swimming over a colorful coral reef,A person swimming over a colorful coral reef photo – Free Blue Image on Unsplash,full/911c6bd6aa4d9b7acbf95b53ed2a9b3d2f6f5425.jpg
https://images.unsplash.com/photo-1710089765274-1437a79a7524?q=80&w=1000&auto=format&fit=crop&ixlib=rb-4.0.3&ixid=M3wxMjA3fDB8MHxwaG90by1wYWdlfHx8fGVufDB8fHx8fA%3D%3D,a bunch of pink flowers that are on a tree,A bunch of pink flowers that are on a tree photo – Free Grey Image on Unsplash,full/7095380e7fd6673f4d118d638a197a910ab32685.jpg
https://plus.unsplash.com/premium_photo-1710385174405-df7e2060b1a2?q=80&w=1000&auto=format&fit=crop&ixlib=rb-4.0.3&ixid=M3wxMjA3fDB8MHxwaG90by1wYWdlfHx8fGVufDB8fHx8fA%3D%3D,a person doing a handstand on a skateboard,A person doing a handstand on a skateboard photo – Dancing Image on Unsplash,full/9aa352be7ab7063df6061977bb8dca13aad0b327.jpg
https://images.unsplash.com/photo-1710432157411-dcaa1c5b9494?q=80&w=1000&auto=format&fit=crop&ixlib=rb-4.0.3&ixid=M3wxMjA3fDB8MHxwaG90by1wYWdlfHx8fGVufDB8fHx8fA%3D%3D,a painting of a bird flying in the sky,A painting of a bird flying in the sky photo – Free Grey Image on Unsplash,full/be369f46591aec0b5da2257edf83c70ffdc18526.jpg
https://images.unsplash.com/photo-1710267224190-39b059315983?q=80&w=1000&auto=format&fit=crop&ixlib=rb-4.0.3&ixid=M3wxMjA3fDB8MHxwaG90by1wYWdlfHx8fGVufDB8fHx8fA%3D%3D,a view of a space station from inside a space station,A view of a space station from inside a space station photo – Free Outer space Image on Unsplash,full/e7c1b99e95b0ec86b27228af804fc98679ec89ce.jpg
https://images.unsplash.com/photo-1682685797277-f2bf89b24017?q=80&w=1000&auto=format&fit=crop&ixlib=rb-4.0.3&ixid=M3wxMjA3fDF8MHxwaG90by1wYWdlfHx8fGVufDB8fHx8fA%3D%3D,a person wearing a hat standing in front of a mountain,A person wearing a hat standing in front of a mountain photo – Free Saudi arabia Image on Unsplash,full/36b35b95280fc9466e761c3f690bbae51dbbb8c1.jpg
https://images.unsplash.com/photo-1710427273049-f72bb821a589?q=80&w=1000&auto=format&fit=crop&ixlib=rb-4.0.3&ixid=M3wxMjA3fDB8MHxwaG90by1wYWdlfHx8fGVufDB8fHx8fA%3D%3D,a lone tree on the side of a dirt road,A lone tree on the side of a dirt road photo – Free Russia Image on Unsplash,full/da64bbb38ab0dd5d6b2aac40f249c0c72a605201.jpg
https://images.unsplash.com/photo-1702024284972-c3af87770d2b?q=80&w=1000&auto=format&fit=crop&ixlib=rb-4.0.3&ixid=M3wxMjA3fDB8MHxwaG90by1wYWdlfHx8fGVufDB8fHx8fA%3D%3D,a yellow car is parked on the side of the road,A yellow car is parked on the side of the road photo – Free Gaza strip Image on Unsplash,full/889020d63d4db85de88b7b011698601641aed983.jpg
https://images.unsplash.com/photo-1709315610148-f4b341aed9d4?q=80&w=1000&auto=format&fit=crop&ixlib=rb-4.0.3&ixid=M3wxMjA3fDB8MHxwaG90by1wYWdlfHx8fGVufDB8fHx8fA%3D%3D,a woman taking a bath in a bathtub,A woman taking a bath in a bathtub photo – Free Wellness Image on Unsplash,full/12e08f78cc36db1f1bc86876a0e019332ad6066b.jpg
https://plus.unsplash.com/premium_photo-1708834160913-b51664e1964f?q=80&w=1000&auto=format&fit=crop&ixlib=rb-4.0.3&ixid=M3wxMjA3fDB8MHxwaG90by1wYWdlfHx8fGVufDB8fHx8fA%3D%3D,a man riding a snowboard down a snow covered slope,A man riding a snowboard down a snow covered slope photo – Snowboard Image on Unsplash,full/6be7271e17d8aaf087aebc719ba18fc92937fc68.jpg
https://images.unsplash.com/photo-1695290242164-e595e411424c?q=80&w=1000&auto=format&fit=crop&ixlib=rb-4.0.3&ixid=M3wxMjA3fDB8MHxwaG90by1wYWdlfHx8fGVufDB8fHx8fA%3D%3D,a knife and some fruit on a table,A knife and some fruit on a table photo – Free Wine and grapes Image on Unsplash,full/e28c4f8812d4bb9b731e78ad06f1566908607a3f.jpg
https://images.unsplash.com/photo-1633555741617-a8308850847b?q=80&w=1000&auto=format&fit=crop&ixlib=rb-4.0.3&ixid=M3wxMjA3fDB8MHxwaG90by1wYWdlfHx8fGVufDB8fHx8fA%3D%3D,a woman using a laptop computer on top of a wooden table,A woman using a laptop computer on top of a wooden table photo – Free Desk Image on Unsplash,full/8a7fc7eb4ebe7cc5ca112f79782524e578a48ede.jpg
https://images.unsplash.com/photo-1709651354933-04ff996e782d?q=80&w=1000&auto=format&fit=crop&ixlib=rb-4.0.3&ixid=M3wxMjA3fDB8MHxwaG90by1wYWdlfHx8fGVufDB8fHx8fA%3D%3D,a tall building with two towers and a clock,A tall building with two towers and a clock photo – Free Church Image on Unsplash,full/904e0098f3d42eb66327222c253a52605097034b.jpg
https://plus.unsplash.com/premium_photo-1683319304293-297458b11f98?q=80&w=1000&auto=format&fit=crop&ixlib=rb-4.0.3&ixid=M3wxMjA3fDB8MHxwaG90by1wYWdlfHx8fGVufDB8fHx8fA%3D%3D,a man holding a bunch of flowers in front of his face,A man holding a bunch of flowers in front of his face photo – Male Image on Unsplash,full/e876018f1901b5bb2955297362b02bc13e869561.jpg
https://images.unsplash.com/photo-1710268503380-7f87a599d15b?q=80&w=1000&auto=format&fit=crop&ixlib=rb-4.0.3&ixid=M3wxMjA3fDB8MHxwaG90by1wYWdlfHx8fGVufDB8fHx8fA%3D%3D,a woman in a white dress holding a bouquet of flowers,A woman in a white dress holding a bouquet of flowers photo – Free Fashion Image on Unsplash,full/788b3035483ebd5461c3e98f06f20a9bb8e387ae.jpg
https://images.unsplash.com/photo-1709038391701-084baa816e70?q=80&w=1000&auto=format&fit=crop&ixlib=rb-4.0.3&ixid=M3wxMjA3fDB8MHxwaG90by1wYWdlfHx8fGVufDB8fHx8fA%3D%3D,a woman sitting on a bathtub in a pink bathroom,A woman sitting on a bathtub in a pink bathroom photo – Free Woman Image on Unsplash,full/8777768dfb349de0beb35db4b93dee1a068c8579.jpg
https://images.unsplash.com/photo-1709548870479-9f788fed2b40?q=80&w=1000&auto=format&fit=crop&ixlib=rb-4.0.3&ixid=M3wxMjA3fDB8MHxwaG90by1wYWdlfHx8fGVufDB8fHx8fA%3D%3D,a couple of birds standing on top of a nest,A couple of birds standing on top of a nest photo – Free Vila-sana Image on Unsplash,full/32e7ed7d72e24acb5b8bbcd0b11e9367c72cc91b.jpg
https://images.unsplash.com/photo-1695902046846-96dbb9f27a53?q=80&w=1000&auto=format&fit=crop&ixlib=rb-4.0.3&ixid=M3wxMjA3fDB8MHxwaG90by1wYWdlfHx8fGVufDB8fHx8fA%3D%3D,a statue of a woman's head wearing a headdress,A statue of a woman's head wearing a headdress photo – Free Archival Image on Unsplash,full/4445f538f882e652d860e46c8bc92ff73efe0112.jpg
https://images.unsplash.com/photo-1709864768994-5e6348a956a0?q=80&w=1000&auto=format&fit=crop&ixlib=rb-4.0.3&ixid=M3wxMjA3fDB8MHxwaG90by1wYWdlfHx8fGVufDB8fHx8fA%3D%3D,a city street filled with traffic and tall buildings,A city street filled with traffic and tall buildings photo – Free New york Image on Unsplash,full/5b01cac56b548ac2ec50119c375c6e355d011ccc.jpg
https://images.unsplash.com/photo-1710390827915-2c53d32be539?q=80&w=1000&auto=format&fit=crop&ixlib=rb-4.0.3&ixid=M3wxMjA3fDB8MHxwaG90by1wYWdlfHx8fGVufDB8fHx8fA%3D%3D,a couple of people that are standing outside of a building,A couple of people that are standing outside of a building photo – Free Street photography Image on Unsplash,full/2ff5e1ae9e6abd7ee762becdc383253d24384086.jpg
https://images.unsplash.com/photo-1650632298300-21648aee982a?q=80&w=1000&auto=format&fit=crop&ixlib=rb-4.0.3&ixid=M3wxMjA3fDB8MHxwaG90by1wYWdlfHx8fGVufDB8fHx8fA%3D%3D,a group of rocks on a sandy surface,A group of rocks on a sandy surface photo – Free Brown Image on Unsplash,full/6c0ce11f7910e8369b238a6977d89e07a8088105.jpg
https://images.unsplash.com/photo-1710174801079-2599d16d75fc?q=80&w=1000&auto=format&fit=crop&ixlib=rb-4.0.3&ixid=M3wxMjA3fDB8MHxwaG90by1wYWdlfHx8fGVufDB8fHx8fA%3D%3D,a tall building sitting next to a parking lot,A tall building sitting next to a parking lot photo – Free Urban Image on Unsplash,full/505bf04d52382ddee412676056e42969a947b27f.jpg
https://images.unsplash.com/photo-1709603475135-bf0e03aa479c?q=80&w=1000&auto=format&fit=crop&ixlib=rb-4.0.3&ixid=M3wxMjA3fDB8MHxwaG90by1wYWdlfHx8fGVufDB8fHx8fA%3D%3D,a bunch of boats that are sitting in the water,A bunch of boats that are sitting in the water photo – Free Lake minnewanka Image on Unsplash,full/55a6b609b2db21f432e31942af33ee753a5274e1.jpg
https://images.unsplash.com/photo-1706720092267-9f45ba93e66c?q=80&w=1000&auto=format&fit=crop&ixlib=rb-4.0.3&ixid=M3wxMjA3fDB8MHxwaG90by1wYWdlfHx8fGVufDB8fHx8fA%3D%3D,a pink background with a white square in the middle,A pink background with a white square in the middle photo – Free 3d Image on Unsplash,full/b405336d3aa6138435244267198b7902b22b15f6.jpg
https://images.unsplash.com/photo-1710263734208-8a1904d08a56?q=80&w=1000&auto=format&fit=crop&ixlib=rb-4.0.3&ixid=M3wxMjA3fDB8MHxwaG90by1wYWdlfHx8fGVufDB8fHx8fA%3D%3D,a group of white flowers sitting on top of a lush green field,A group of white flowers sitting on top of a lush green field photo – Free Nature Image on Unsplash,full/fd3ceb01a494f2f617926dd000bda71e1d0a8e80.jpg
https://images.unsplash.com/photo-1710256442885-62e32f46e294?q=80&w=1000&auto=format&fit=crop&ixlib=rb-4.0.3&ixid=M3wxMjA3fDB8MHxwaG90by1wYWdlfHx8fGVufDB8fHx8fA%3D%3D,a polar bear walking across a body of water,A polar bear walking across a body of water photo – Free Wallpapers Image on Unsplash,full/8c2759d3498f7d4fc12a68216f6a0f4e45f84560.jpg
https://images.unsplash.com/photo-1619293195798-07fc2dec8323?q=80&w=1000&auto=format&fit=crop&ixlib=rb-4.0.3&ixid=M3wxMjA3fDB8MHxwaG90by1wYWdlfHx8fGVufDB8fHx8fA%3D%3D,white and yellow flower under blue sky during daytime,White and yellow flower under blue sky during daytime photo – Free Spring Image on Unsplash,full/02ea04a5faa7b533ab73ca06d10994f38dd0c49f.jpg
https://images.unsplash.com/photo-1710136546830-408edbc6c5cc?q=80&w=1000&auto=format&fit=crop&ixlib=rb-4.0.3&ixid=M3wxMjA3fDB8MHxwaG90by1wYWdlfHx8fGVufDB8fHx8fA%3D%3D,a small bird sitting on top of a tree branch,A small bird sitting on top of a tree branch photo – Free Lake nakuru national park Image on Unsplash,full/0a523120017c7705f4d8fcca2ed877bdcd081482.jpg
https://plus.unsplash.com/premium_photo-1675615649456-5c0a8b0ad0ac?q=80&w=1000&auto=format&fit=crop&ixlib=rb-4.0.3&ixid=M3wxMjA3fDB8MHxwaG90by1wYWdlfHx8fGVufDB8fHx8fA%3D%3D,a bed sitting in a bedroom next to a blue chair,A bed sitting in a bedroom next to a blue chair photo – House room Image on Unsplash,full/50db430b02a2356d9d7cd378a232a955aca72706.jpg
https://plus.unsplash.com/premium_photo-1710193817300-a2edf01839e8?q=80&w=1000&auto=format&fit=crop&ixlib=rb-4.0.3&ixid=M3wxMjA3fDB8MHxwaG90by1wYWdlfHx8fGVufDB8fHx8fA%3D%3D,a very tall building with a sky background,A very tall building with a sky background photo – Corner Image on Unsplash,full/a37166054409c51d4805e0ac921800c47f87cff3.jpg
https://plus.unsplash.com/premium_photo-1709311442556-f4af586ad5fb?q=80&w=1000&auto=format&fit=crop&ixlib=rb-4.0.3&ixid=M3wxMjA3fDB8MHxwaG90by1wYWdlfHx8fGVufDB8fHx8fA%3D%3D,a full moon is seen over a mountain range,A full moon is seen over a mountain range photo – Outdoors Image on Unsplash,full/785349f265d7df8ba7f18b9de9ceaa54d127180b.jpg
https://plus.unsplash.com/premium_photo-1689604958247-5bb067e86d80?q=80&w=1000&auto=format&fit=crop&ixlib=rb-4.0.3&ixid=M3wxMjA3fDB8MHxwaG90by1wYWdlfHx8fGVufDB8fHx8fA%3D%3D,a woman standing in front of a wall using a cell phone,A woman standing in front of a wall using a cell phone photo – Mental health Image on Unsplash,full/ef24b9d2f168783e3ce265b3cf6892d4b9591ca4.jpg
https://plus.unsplash.com/premium_photo-1684952851101-6ab3e41b0448?q=80&w=1000&auto=format&fit=crop&ixlib=rb-4.0.3&ixid=M3wxMjA3fDB8MHxwaG90by1wYWdlfHx8fGVufDB8fHx8fA%3D%3D,a colorful background with circles of different colors,A colorful background with circles of different colors photo – Bright Image on Unsplash,full/af36b9729f925a41bd8906b0bf8e96888fc81fa4.jpg
https://plus.unsplash.com/premium_photo-1709143101238-ed5c82ada0fb?q=80&w=1000&auto=format&fit=crop&ixlib=rb-4.0.3&ixid=M3wxMjA3fDB8MHxwaG90by1wYWdlfHx8fGVufDB8fHx8fA%3D%3D,a man covering his face with a colorful cube,A man covering his face with a colorful cube photo – Male Image on Unsplash,full/4af1faf257380b02d804dcaab5b7f0147d399f49.jpg
https://plus.unsplash.com/premium_photo-1709993970465-0e14a84c5112?q=80&w=1000&auto=format&fit=crop&ixlib=rb-4.0.3&ixid=M3wxMjA3fDB8MHxwaG90by1wYWdlfHx8fGVufDB8fHx8fA%3D%3D,a white flower sticking out of the back of a pair of jeans,A white flower sticking out of the back of a pair of jeans photo – Flowers Image on Unsplash,full/2bde06432d645f685ac8af93b002e0358de70db4.jpg
https://plus.unsplash.com/premium_photo-1710364762894-07344f98e0c8?q=80&w=1000&auto=format&fit=crop&ixlib=rb-4.0.3&ixid=M3wxMjA3fDB8MHxwaG90by1wYWdlfHx8fGVufDB8fHx8fA%3D%3D,a man in a white shirt is looking at the camera,A man in a white shirt is looking at the camera photo – Portrait Image on Unsplash,full/0d7335e5be512b9152f3babf8ee4141bb35cdc04.jpg
https://plus.unsplash.com/premium_photo-1707242995268-59f778c70390?q=80&w=1000&auto=format&fit=crop&ixlib=rb-4.0.3&ixid=M3wxMjA3fDB8MHxwaG90by1wYWdlfHx8fGVufDB8fHx8fA%3D%3D,a green leafy vegetable next to a sliced avocado,A green leafy vegetable next to a sliced avocado photo – Health Image on Unsplash,full/c2123b3e940d49199b4981d34755996be70bd05b.jpg
https://plus.unsplash.com/premium_photo-1676955434746-4203c17d61b1?q=80&w=1000&auto=format&fit=crop&ixlib=rb-4.0.3&ixid=M3wxMjA3fDB8MHxwaG90by1wYWdlfHx8fGVufDB8fHx8fA%3D%3D,a close up of a plant with yellow flowers,A close up of a plant with yellow flowers photo – Yellow pattern Image on Unsplash,full/c1a142a064446213eedfd51ea6f48b8c16698055.jpg
https://plus.unsplash.com/premium_photo-1706800283009-57909c31c6b4?q=80&w=1000&auto=format&fit=crop&ixlib=rb-4.0.3&ixid=M3wxMjA3fDB8MHxwaG90by1wYWdlfHx8fGVufDB8fHx8fA%3D%3D,a group of people standing on top of a beach,A group of people standing on top of a beach photo – Nature Image on Unsplash,full/7acbf1675cc69657e1d02e2730095b18d92500af.jpg
https://plus.unsplash.com/premium_photo-1699294499350-85b23535e729?q=80&w=1000&auto=format&fit=crop&ixlib=rb-4.0.3&ixid=M3wxMjA3fDB8MHxwaG90by1wYWdlfHx8fGVufDB8fHx8fA%3D%3D,a blurry photo of a woman's breast,A blurry photo of a woman's breast photo – Pink Image on Unsplash,full/1e5acedba9bdde04a40f9d936af167a499a2eafc.jpg
https://plus.unsplash.com/premium_photo-1710286469646-ae921a1812f5?q=80&w=1000&auto=format&fit=crop&ixlib=rb-4.0.3&ixid=M3wxMjA3fDB8MHxwaG90by1wYWdlfHx8fGVufDB8fHx8fA%3D%3D,a tree on top of a hill covered in blue flowers,A tree on top of a hill covered in blue flowers photo – Render Image on Unsplash,full/4f94af24c218f9386bad7436a9dea020758d735a.jpg
https://plus.unsplash.com/premium_photo-1705091981676-70851d8b843a?q=80&w=1000&auto=format&fit=crop&ixlib=rb-4.0.3&ixid=M3wxMjA3fDB8MHxwaG90by1wYWdlfHx8fGVufDB8fHx8fA%3D%3D,a man sitting on the floor next to a pile of papers,A man sitting on the floor next to a pile of papers photo – Sitting Image on Unsplash,full/ec23187790e41ebcf33654dee3ee2a802f0dd34a.jpg
https://plus.unsplash.com/premium_photo-1710361778821-93aeb8787ccd?q=80&w=1000&auto=format&fit=crop&ixlib=rb-4.0.3&ixid=M3wxMjA3fDB8MHxwaG90by1wYWdlfHx8fGVufDB8fHx8fA%3D%3D,a woman sitting at a table using a laptop computer,A woman sitting at a table using a laptop computer photo – Laptop Image on Unsplash,full/4ab06d0f4b025ff58d8e2b5af855bdfbb5af139b.jpg
https://plus.unsplash.com/premium_photo-1710267549295-aab38cb5d5c9?q=80&w=1000&auto=format&fit=crop&ixlib=rb-4.0.3&ixid=M3wxMjA3fDB8MHxwaG90by1wYWdlfHx8fGVufDB8fHx8fA%3D%3D,a table topped with bread and eggs,A table topped with bread and eggs photo – Hot cross buns Image on Unsplash,full/ede711cd054399a74e64c6fc8400e0bf666446a2.jpg
https://plus.unsplash.com/premium_photo-1676925875785-bf98c2eef3d4?q=80&w=1000&auto=format&fit=crop&ixlib=rb-4.0.3&ixid=M3wxMjA3fDB8MHxwaG90by1wYWdlfHx8fGVufDB8fHx8fA%3D%3D,a woman holding a rosary in her hands,A woman holding a rosary in her hands photo – Muslim praying Image on Unsplash,full/68109b1d1b99837c0b6c5039c344f778c2b5cd81.jpg
https://images.unsplash.com/photo-1710137489739-4b23c66cbf4e?q=80&w=1000&auto=format&fit=crop&ixlib=rb-4.0.3&ixid=M3wxMjA3fDB8MHxwaG90by1wYWdlfHx8fGVufDB8fHx8fA%3D%3D,a large turtle laying on top of a sandy beach,A large turtle laying on top of a sandy beach photo – Free Sunset photos Image on Unsplash,full/62e9f2f4caf9e265646f2463c8d9cbdf86f612ef.jpg
https://images.unsplash.com/photo-1710171664088-6f211634dd93?q=80&w=1000&auto=format&fit=crop&ixlib=rb-4.0.3&ixid=M3wxMjA3fDB8MHxwaG90by1wYWdlfHx8fGVufDB8fHx8fA%3D%3D,a large body of water with a sunset in the background,A large body of water with a sunset in the background photo – Free Outdoors Image on Unsplash,full/713ed286d86e8ab7b521d1142b46c850f76c7357.jpg
https://images.unsplash.com/photo-1710171700290-48b64000d4d4?q=80&w=1000&auto=format&fit=crop&ixlib=rb-4.0.3&ixid=M3wxMjA3fDB8MHxwaG90by1wYWdlfHx8fGVufDB8fHx8fA%3D%3D,a beach with rocks and water under a pink sky,A beach with rocks and water under a pink sky photo – Free Sky Image on Unsplash,full/e69bce01e57a25c0e1875202f51c301d6afd4f7a.jpg
https://images.unsplash.com/photo-1710185290428-f17d6a4ed384?q=80&w=1000&auto=format&fit=crop&ixlib=rb-4.0.3&ixid=M3wxMjA3fDB8MHxwaG90by1wYWdlfHx8fGVufDB8fHx8fA%3D%3D,a narrow slot in the side of a mountain,A narrow slot in the side of a mountain photo – Free Green river Image on Unsplash,full/8c65ce6ce97b2f9c3dac976da3e7bcbe42c712d1.jpg
https://images.unsplash.com/photo-1710185291971-e480976870d8?q=80&w=1000&auto=format&fit=crop&ixlib=rb-4.0.3&ixid=M3wxMjA3fDB8MHxwaG90by1wYWdlfHx8fGVufDB8fHx8fA%3D%3D,a large rock sticking out of a body of water,A large rock sticking out of a body of water photo – Free Crystal geyser Image on Unsplash,full/5d65360b1f6042e2a3ad4352981c43d1977c7cb7.jpg
https://images.unsplash.com/photo-1709828238515-35189879a02c?q=80&w=1000&auto=format&fit=crop&ixlib=rb-4.0.3&ixid=M3wxMjA3fDB8MHxwaG90by1wYWdlfHx8fGVufDB8fHx8fA%3D%3D,a large body of water next to a rocky shore,A large body of water next to a rocky shore photo – Free Sea Image on Unsplash,full/e43b8fbb8b00892559fb77de3ce520308c83cde5.jpg
https://images.unsplash.com/photo-1710104839924-fce78bf6dfd4?q=80&w=1000&auto=format&fit=crop&ixlib=rb-4.0.3&ixid=M3wxMjA3fDB8MHxwaG90by1wYWdlfHx8fGVufDB8fHx8fA%3D%3D,a large wave crashing into the shore of a beach,A large wave crashing into the shore of a beach photo – Free Nature Image on Unsplash,full/e5ed17276300a0171366b77b7cf2f2ffddabf45a.jpg
https://images.unsplash.com/photo-1710168833758-3cdceee3b8b7?q=80&w=1000&auto=format&fit=crop&ixlib=rb-4.0.3&ixid=M3wxMjA3fDB8MHxwaG90by1wYWdlfHx8fGVufDB8fHx8fA%3D%3D,a group of people standing on top of a mountain,A group of people standing on top of a mountain photo – Free Indonesia Image on Unsplash,full/dfea0d19ce7810ad7201ae326f503ba723e3f759.jpg
https://images.unsplash.com/photo-1710236026860-f7eb92555ccd?q=80&w=1000&auto=format&fit=crop&ixlib=rb-4.0.3&ixid=M3wxMjA3fDB8MHxwaG90by1wYWdlfHx8fGVufDB8fHx8fA%3D%3D,a mountain range with a few clouds in the sky,A mountain range with a few clouds in the sky photo – Free Italia Image on Unsplash,full/ce16341c49841f13ae31000b6a7efd505e2fb547.jpg
https://images.unsplash.com/photo-1710333493101-1e4237982ba7?q=80&w=1000&auto=format&fit=crop&ixlib=rb-4.0.3&ixid=M3wxMjA3fDB8MHxwaG90by1wYWdlfHx8fGVufDB8fHx8fA%3D%3D,a mountain covered in snow under a blue sky,A mountain covered in snow under a blue sky photo – Free Pirin mountains Image on Unsplash,full/35c9655ddf3011997f784ed84de5bc3f4dba39ba.jpg
https://images.unsplash.com/photo-1710338699991-e8b390b935d7?q=80&w=1000&auto=format&fit=crop&ixlib=rb-4.0.3&ixid=M3wxMjA3fDB8MHxwaG90by1wYWdlfHx8fGVufDB8fHx8fA%3D%3D,a black and white photo of a palm leaf,A black and white photo of a palm leaf photo – Free Kew gardens Image on Unsplash,full/bc5df46126b3b5c48021e176fa53bb4e28ec04cd.jpg
https://images.unsplash.com/photo-1709896532924-6402190897ac?q=80&w=1000&auto=format&fit=crop&ixlib=rb-4.0.3&ixid=M3wxMjA3fDB8MHxwaG90by1wYWdlfHx8fGVufDB8fHx8fA%3D%3D,bare trees against a blue sky with no leaves,Bare trees against a blue sky with no leaves photo – Free Blue Image on Unsplash,full/9a0291329c2fc420cd7141c39674eec05681e76c.jpg
https://images.unsplash.com/photo-1710424550415-28ed2b411c2c?q=80&w=1000&auto=format&fit=crop&ixlib=rb-4.0.3&ixid=M3wxMjA3fDB8MHxwaG90by1wYWdlfHx8fGVufDB8fHx8fA%3D%3D,a winding road in the middle of a snowy field,A winding road in the middle of a snowy field photo – Free Loch muick Image on Unsplash,full/7c567d89471bc3f611407ec9d4ed01182cc064c2.jpg
https://images.unsplash.com/photo-1710362697520-19df359c4230?q=80&w=1000&auto=format&fit=crop&ixlib=rb-4.0.3&ixid=M3wxMjA3fDB8MHxwaG90by1wYWdlfHx8fGVufDB8fHx8fA%3D%3D,a snow covered mountain with trees in the foreground,A snow covered mountain with trees in the foreground photo – Free Mountain Image on Unsplash,full/f98ed8fa0c7fc188efe6d677820bbe983d75f2a1.jpg
https://images.unsplash.com/photo-1710333493112-6ebb2368754b?q=80&w=1000&auto=format&fit=crop&ixlib=rb-4.0.3&ixid=M3wxMjA3fDB8MHxwaG90by1wYWdlfHx8fGVufDB8fHx8fA%3D%3D,a man riding skis down the side of a snow covered mountain,A man riding skis down the side of a snow covered mountain photo – Free Bulgaria Image on Unsplash,full/c77e8c00db617955eb3dff60eaa7eeba2d6dc85e.jpg
https://images.unsplash.com/photo-1710415346034-4f445006915c?q=80&w=1000&auto=format&fit=crop&ixlib=rb-4.0.3&ixid=M3wxMjA3fDB8MHxwaG90by1wYWdlfHx8fGVufDB8fHx8fA%3D%3D,a mountain with a lake in front of it,A mountain with a lake in front of it photo – Free Glen etive Image on Unsplash,full/f2d80cd38dd28198548943e11c93f6ce30057c3c.jpg
https://images.unsplash.com/photo-1710415273421-4d19cc02b839?q=80&w=1000&auto=format&fit=crop&ixlib=rb-4.0.3&ixid=M3wxMjA3fDB8MHxwaG90by1wYWdlfHx8fGVufDB8fHx8fA%3D%3D,a man standing on top of a snow covered cliff next to the ocean,A man standing on top of a snow covered cliff next to the ocean photo – Free Landscape photography Image on Unsplash,full/8687f6cf9bf684ddf780ecc1e534b5ae358afee0.jpg
https://images.unsplash.com/photo-1521624213010-9fb0f30dcd20?q=80&w=1000&auto=format&fit=crop&ixlib=rb-4.0.3&ixid=M3wxMjA3fDB8MHxwaG90by1wYWdlfHx8fGVufDB8fHx8fA%3D%3D,selective photography of white petaled flowers,Selective photography of white petaled flowers photo – Free Spring Image on Unsplash,full/a017a8837cde351e92e9a5e043622da81885546f.jpg
https://plus.unsplash.com/premium_photo-1677265747924-bc80f82b2e26?q=80&w=1000&auto=format&fit=crop&ixlib=rb-4.0.3&ixid=M3wxMjA3fDB8MHxwaG90by1wYWdlfHx8fGVufDB8fHx8fA%3D%3D,a white vase filled with flowers and fruit,A white vase filled with flowers and fruit photo – Easter brunch Image on Unsplash,full/da273660729178dbeb6d7a3560e6be34c24b5361.jpg
https://images.unsplash.com/photo-1614264736231-0118996e295b?q=80&w=1000&auto=format&fit=crop&ixlib=rb-4.0.3&ixid=M3wxMjA3fDB8MHxwaG90by1wYWdlfHx8fGVufDB8fHx8fA%3D%3D,pink flowers under blue sky during daytime,Pink flowers under blue sky during daytime photo – Free Nature Image on Unsplash,full/e8d3c520974857549f8578d1a38ee4e035ad6973.jpg
https://images.unsplash.com/photo-1618059485046-161ace8b928d?q=80&w=1000&auto=format&fit=crop&ixlib=rb-4.0.3&ixid=M3wxMjA3fDB8MHxwaG90by1wYWdlfHx8fGVufDB8fHx8fA%3D%3D,pink and white cherry blossom,Pink and white cherry blossom photo – Free Japan Image on Unsplash,full/cdc90ecd1d99c506fb80d1d72c9abe2162cf6d5a.jpg
https://images.unsplash.com/photo-1601120102192-0fa7cb74ae4c?q=80&w=1000&auto=format&fit=crop&ixlib=rb-4.0.3&ixid=M3wxMjA3fDB8MHxwaG90by1wYWdlfHx8fGVufDB8fHx8fA%3D%3D,pink and white flowers in macro lens,Pink and white flowers in macro lens photo – Free Flower Image on Unsplash,full/ff80d5bb74bfa1a03aaf720774f693a5b84d9038.jpg
https://images.unsplash.com/photo-1619269828328-f9f157f13489?q=80&w=1000&auto=format&fit=crop&ixlib=rb-4.0.3&ixid=M3wxMjA3fDB8MHxwaG90by1wYWdlfHx8fGVufDB8fHx8fA%3D%3D,white ceramic mug with yellow flowers,White ceramic mug with yellow flowers photo – Free Flower Image on Unsplash,full/c64d89c17b5edd77b60214ea89f7b0e6021225e7.jpg
https://plus.unsplash.com/premium_photo-1678836292813-63b3dbd65de9?q=80&w=1000&auto=format&fit=crop&ixlib=rb-4.0.3&ixid=M3wxMjA3fDB8MHxwaG90by1wYWdlfHx8fGVufDB8fHx8fA%3D%3D,a row of potted plants with pink flowers,A row of potted plants with pink flowers photo – Garden Image on Unsplash,full/ee7e23eb1b3484af5ed5d6d528860dd20863768f.jpg
https://plus.unsplash.com/premium_photo-1677154988620-516a360e0cdc?q=80&w=1000&auto=format&fit=crop&ixlib=rb-4.0.3&ixid=M3wxMjA3fDB8MHxwaG90by1wYWdlfHx8fGVufDB8fHx8fA%3D%3D,a person cutting flowers with scissors on a table,A person cutting flowers with scissors on a table photo – Spring Image on Unsplash,full/5b7b5bf7c4733ed179412b00efafa0eca2249046.jpg
https://images.unsplash.com/photo-1561999761-99d088de3880?q=80&w=1000&auto=format&fit=crop&ixlib=rb-4.0.3&ixid=M3wxMjA3fDB8MHxwaG90by1wYWdlfHx8fGVufDB8fHx8fA%3D%3D,tree near ocean,Tree near ocean photo – Free Nature Image on Unsplash,full/e11662942edd18e05b024f44b2dc03e9c200a71b.jpg
https://images.unsplash.com/photo-1558590254-c381570091ec?q=80&w=1000&auto=format&fit=crop&ixlib=rb-4.0.3&ixid=M3wxMjA3fDB8MHxwaG90by1wYWdlfHx8fGVufDB8fHx8fA%3D%3D,woman carrying basket of flowers,Woman carrying basket of flowers photo – Free Plant Image on Unsplash,full/a75a853ead9b3750093dcae9bbf3d5084a64bf59.jpg
https://images.unsplash.com/photo-1587033917031-80ff8cf8629d?q=80&w=1000&auto=format&fit=crop&ixlib=rb-4.0.3&ixid=M3wxMjA3fDB8MHxwaG90by1wYWdlfHx8fGVufDB8fHx8fA%3D%3D,pink cherry blossom in bloom during daytime,Pink cherry blossom in bloom during daytime photo – Free Nature Image on Unsplash,full/c6e12ade85154ac17411ee09bace9734da3f4902.jpg
https://images.unsplash.com/photo-1710416269669-dcdf80de73f0?q=80&w=1000&auto=format&fit=crop&ixlib=rb-4.0.3&ixid=M3wxMjA3fDB8MHxwaG90by1wYWdlfHx8fGVufDB8fHx8fA%3D%3D,a bunch of purple flowers with yellow centers,A bunch of purple flowers with yellow centers photo – Free Berlin Image on Unsplash,full/a5a28fdb3cde6944dd28fa2eb6d30ec5a002bebc.jpg
https://images.unsplash.com/photo-1488718729626-53eaa41c0848?q=80&w=1000&auto=format&fit=crop&ixlib=rb-4.0.3&ixid=M3wxMjA3fDB8MHxwaG90by1wYWdlfHx8fGVufDB8fHx8fA%3D%3D,shallow focus photography of purple flower,Shallow focus photography of purple flower photo – Free Flower Image on Unsplash,full/7fd73ff40d127d85baaabde7310244ae2c444a30.jpg
https://images.unsplash.com/photo-1515948578606-e129bb3f01f4?q=80&w=1000&auto=format&fit=crop&ixlib=rb-4.0.3&ixid=M3wxMjA3fDB8MHxwaG90by1wYWdlfHx8fGVufDB8fHx8fA%3D%3D,flat lay photography of bread on gray plate,Flat lay photography of bread on gray plate photo – Free Food Image on Unsplash,full/378d718d9e4282d0c1df06e01df4371d2f62f093.jpg
https://plus.unsplash.com/premium_photo-1674917000586-b7564f21540e?q=80&w=1000&auto=format&fit=crop&ixlib=rb-4.0.3&ixid=M3wxMjA3fDB8MHxwaG90by1wYWdlfHx8fGVufDB8fHx8fA%3D%3D,the sun is setting over a mountain with wildflowers in the foreground,The sun is setting over a mountain with wildflowers in the foreground photo – Beautiful morning Image on Unsplash,full/9a55a737b5bf8f82910dc99ce06d14e18ba715d0.jpg
https://images.unsplash.com/photo-1710402305018-03bf80763a78?q=80&w=1000&auto=format&fit=crop&ixlib=rb-4.0.3&ixid=M3wxMjA3fDB8MHxwaG90by1wYWdlfHx8fGVufDB8fHx8fA%3D%3D,a close up of some white flowers on a tree,A close up of some white flowers on a tree photo – Free Flower Image on Unsplash,full/0741a98aa3555c5d4fb821520fefc654ce8916e3.jpg
https://images.unsplash.com/photo-1600647993560-11a92e039466?q=80&w=1000&auto=format&fit=crop&ixlib=rb-4.0.3&ixid=M3wxMjA3fDB8MHxwaG90by1wYWdlfHx8fGVufDB8fHx8fA%3D%3D,pink flowers in tilt shift lens,Pink flowers in tilt shift lens photo – Free Flower Image on Unsplash,full/82c78ffce53c3ef1d63761ae92f11bd10b6cc09f.jpg
https://images.unsplash.com/photo-1704977892287-99a4d3922ceb?q=80&w=1000&auto=format&fit=crop&ixlib=rb-4.0.3&ixid=M3wxMjA3fDB8MHxwaG90by1wYWdlfHx8fGVufDB8fHx8fA%3D%3D,a pink flower is blooming on a tree branch,A pink flower is blooming on a tree branch photo – Free Magnolia flower Image on Unsplash,full/bdcf30e8e4a3e9ade72f12b27ba83398a48b17ca.jpg
https://images.unsplash.com/photo-1605180302786-779382e9dc7b?q=80&w=1000&auto=format&fit=crop&ixlib=rb-4.0.3&ixid=M3wxMjA3fDB8MHxwaG90by1wYWdlfHx8fGVufDB8fHx8fA%3D%3D,purple flowers with green leaves,Purple flowers with green leaves photo – Free Flower Image on Unsplash,full/c183e8f92b082fcf48e05dab78ff7d418e9d9b46.jpg
https://images.unsplash.com/photo-1620121692029-d088224ddc74?q=80&w=1000&auto=format&fit=crop&ixlib=rb-4.0.3&ixid=M3wxMjA3fDB8MHxwaG90by1wYWdlfHx8fGVufDB8fHx8fA%3D%3D,yellow and white abstract painting,Yellow and white abstract painting photo – Free Wallpaper Image on Unsplash,full/9cf59f2ff46646bb93039fe875f889ddaaf4acf0.jpg
https://plus.unsplash.com/premium_photo-1674650256284-fa409ec5aab9?q=80&w=1000&auto=format&fit=crop&ixlib=rb-4.0.3&ixid=M3wxMjA3fDB8MHxwaG90by1wYWdlfHx8fGVufDB8fHx8fA%3D%3D,a close up of a bunch of pink flowers,A close up of a bunch of pink flowers photo – Tulip Image on Unsplash,full/8180cc8a596f4a2534f2505abfa8699a20d96365.jpg
https://images.unsplash.com/photo-1549490349-8643362247b5?q=80&w=1000&auto=format&fit=crop&ixlib=rb-4.0.3&ixid=M3wxMjA3fDB8MHxwaG90by1wYWdlfHx8fGVufDB8fHx8fA%3D%3D,a close up of a purple and white abstract painting,A close up of a purple and white abstract painting photo – Free Texture Image on Unsplash,full/2d07a34504524d1eb95f201ef7e40de62877fad1.jpg
https://plus.unsplash.com/premium_photo-1672116452571-896980a801c8?q=80&w=1000&auto=format&fit=crop&ixlib=rb-4.0.3&ixid=M3wxMjA3fDB8MHxwaG90by1wYWdlfHx8fGVufDB8fHx8fA%3D%3D,a city street with tall buildings in the background,A city street with tall buildings in the background photo – Canada city Image on Unsplash,full/d08b9af7c9ba7d81a8034f7d84c8e4b7ec7b73ce.jpg
https://images.unsplash.com/photo-1419242902214-272b3f66ee7a?q=80&w=1000&auto=format&fit=crop&ixlib=rb-4.0.3&ixid=M3wxMjA3fDB8MHxwaG90by1wYWdlfHx8fGVufDB8fHx8fA%3D%3D,silhouette photo of mountain during night time,Silhouette photo of mountain during night time photo – Free Nature Image on Unsplash,full/657f3c967a0200f8bc9d2a71febf68fd74bb6455.jpg
https://images.unsplash.com/photo-1551623063-9ce62b2eb8c3?q=80&w=1000&auto=format&fit=crop&ixlib=rb-4.0.3&ixid=M3wxMjA3fDB8MHxwaG90by1wYWdlfHx8fGVufDB8fHx8fA%3D%3D,landscape photography of green mountain,Landscape photography of green mountain photo – Free Nature Image on Unsplash,full/0e15f8a9305a62dd0b5f53903b978417939074db.jpg
https://plus.unsplash.com/premium_photo-1672116453000-c31b150f48ef?q=80&w=1000&auto=format&fit=crop&ixlib=rb-4.0.3&ixid=M3wxMjA3fDB8MHxwaG90by1wYWdlfHx8fGVufDB8fHx8fA%3D%3D,a road in the middle of a forest with mountains in the background,A road in the middle of a forest with mountains in the background photo – Banff Image on Unsplash,full/9cc87de1e65b01ace072018a120d3fd75af91ec2.jpg
https://plus.unsplash.com/premium_photo-1672116453076-48d299cbbdd1?q=80&w=1000&auto=format&fit=crop&ixlib=rb-4.0.3&ixid=M3wxMjA3fDB8MHxwaG90by1wYWdlfHx8fGVufDB8fHx8fA%3D%3D,smoke billows from a factory building as the sun sets,Smoke billows from a factory building as the sun sets photo – Calgary Image on Unsplash,full/2ca194def8da49e1b8e2e19b86ceb4d173bdcec2.jpg
https://plus.unsplash.com/premium_photo-1672116453030-b3412d244c54?q=80&w=1000&auto=format&fit=crop&ixlib=rb-4.0.3&ixid=M3wxMjA3fDB8MHxwaG90by1wYWdlfHx8fGVufDB8fHx8fA%3D%3D,a large body of water surrounded by mountains,A large body of water surrounded by mountains photo – Lake Image on Unsplash,full/975f93f6cbcc53e1a0c089fe6b734cc72987d13d.jpg
https://plus.unsplash.com/premium_photo-1672116453039-b84dc5f0e7f0?q=80&w=1000&auto=format&fit=crop&ixlib=rb-4.0.3&ixid=M3wxMjA3fDB8MHxwaG90by1wYWdlfHx8fGVufDB8fHx8fA%3D%3D,a mountain with a lake surrounded by snow,A mountain with a lake surrounded by snow photo – Banff Image on Unsplash,full/40ccfb19035bc4567efe03cb8b0ef89c2272f46a.jpg
https://images.unsplash.com/photo-1625402813867-ad74faec12f8?q=80&w=1000&auto=format&fit=crop&ixlib=rb-4.0.3&ixid=M3wxMjA3fDB8MHxwaG90by1wYWdlfHx8fGVufDB8fHx8fA%3D%3D,green grass field during daytime,Green grass field during daytime photo – Free Outdoors Image on Unsplash,full/4bbc72a06c4111c68be6371c5becf3f987d90c64.jpg
https://images.unsplash.com/photo-1623420254193-48ee2172cd87?q=80&w=1000&auto=format&fit=crop&ixlib=rb-4.0.3&ixid=M3wxMjA3fDB8MHxwaG90by1wYWdlfHx8fGVufDB8fHx8fA%3D%3D,a person standing in front of a rock formation,A person standing in front of a rock formation photo – Free Utah Image on Unsplash,full/c1d0f0f594fceac923aac2a1f4fab20a94d05c11.jpg
https://images.unsplash.com/photo-1623527859001-8010a15cf790?q=80&w=1000&auto=format&fit=crop&ixlib=rb-4.0.3&ixid=M3wxMjA3fDB8MHxwaG90by1wYWdlfHx8fGVufDB8fHx8fA%3D%3D,a field of red flowers with a mountain in the background,A field of red flowers with a mountain in the background photo – Free Nature Image on Unsplash,full/4274fe35c96b6672101bb81a4fe07e6d08ae003c.jpg
https://images.unsplash.com/photo-1597301186965-72b863ad1f9a?q=80&w=1000&auto=format&fit=crop&ixlib=rb-4.0.3&ixid=M3wxMjA3fDB8MHxwaG90by1wYWdlfHx8fGVufDB8fHx8fA%3D%3D,yellow and black butterfly on purple flower,Yellow and black butterfly on purple flower photo – Free Butterfly Image on Unsplash,full/1c2b5a8be12efc0c4ca3843db2f8cf021c759276.jpg
https://images.unsplash.com/photo-1640601696042-6b2a69645a44?q=80&w=1000&auto=format&fit=crop&ixlib=rb-4.0.3&ixid=M3wxMjA3fDB8MHxwaG90by1wYWdlfHx8fGVufDB8fHx8fA%3D%3D,background pattern,Background pattern photo – Free Iceland Image on Unsplash,full/c35af1e850bca673ca7b70ab2179763f09f397e9.jpg
https://images.unsplash.com/photo-1710238010668-4c03c0c46f8c?q=80&w=1000&auto=format&fit=crop&ixlib=rb-4.0.3&ixid=M3wxMjA3fDB8MHxwaG90by1wYWdlfHx8fGVufDB8fHx8fA%3D%3D,a couple of palm trees standing next to each other,A couple of palm trees standing next to each other photo – Free Nature Image on Unsplash,full/93e5e7bd579c163308eac3362da470e26981fc72.jpg
https://images.unsplash.com/photo-1709874662503-8e33263ae0d7?q=80&w=1000&auto=format&fit=crop&ixlib=rb-4.0.3&ixid=M3wxMjA3fDB8MHxwaG90by1wYWdlfHx8fGVufDB8fHx8fA%3D%3D,a person standing on a cliff overlooking the ocean,A person standing on a cliff overlooking the ocean photo – Free Nature Image on Unsplash,full/a89a9a4fd13b2c238e2b00586f9fd2326c003f41.jpg
https://images.unsplash.com/photo-1709874073730-e972efec5bf8?q=80&w=1000&auto=format&fit=crop&ixlib=rb-4.0.3&ixid=M3wxMjA3fDB8MHxwaG90by1wYWdlfHx8fGVufDB8fHx8fA%3D%3D,the sun is setting over the ocean with rocks in the foreground,The sun is setting over the ocean with rocks in the foreground photo – Free Nature Image on Unsplash,full/d73464f1de1bb570f6e595b22b2e5741170c961e.jpg
https://images.unsplash.com/photo-1710093800253-b67311def346?q=80&w=1000&auto=format&fit=crop&ixlib=rb-4.0.3&ixid=M3wxMjA3fDB8MHxwaG90by1wYWdlfHx8fGVufDB8fHx8fA%3D%3D,a small bird sitting on a tree branch,A small bird sitting on a tree branch photo – Free Nature Image on Unsplash,full/d28e40f4da12cebd88e90659b998514fa491c831.jpg
https://images.unsplash.com/photo-1710102421026-cea5bf610ddb?q=80&w=1000&auto=format&fit=crop&ixlib=rb-4.0.3&ixid=M3wxMjA3fDB8MHxwaG90by1wYWdlfHx8fGVufDB8fHx8fA%3D%3D,a view of a snow covered mountain from the top of a mountain,A view of a snow covered mountain from the top of a mountain photo – Free Nature Image on Unsplash,full/e417aacea105dca483dce215fe25ce8a1adef73a.jpg
https://images.unsplash.com/photo-1710400737442-0c8b55ce7012?q=80&w=1000&auto=format&fit=crop&ixlib=rb-4.0.3&ixid=M3wxMjA3fDB8MHxwaG90by1wYWdlfHx8fGVufDB8fHx8fA%3D%3D,a large rock formation sitting on top of a beach next to the ocean,A large rock formation sitting on top of a beach next to the ocean photo – Free Nature Image on Unsplash,full/73e85bd9ecbc9f7ad2e0d2c44ad1189ac56cc773.jpg
https://images.unsplash.com/photo-1710327853318-b15dbaca3f35?q=80&w=1000&auto=format&fit=crop&ixlib=rb-4.0.3&ixid=M3wxMjA3fDB8MHxwaG90by1wYWdlfHx8fGVufDB8fHx8fA%3D%3D,a rocky beach covered in lots of rocks,A rocky beach covered in lots of rocks photo – Free Nature Image on Unsplash,full/b1f20d54da829a04e3b46df60eed22daea7e2bb2.jpg
https://images.unsplash.com/photo-1709765737105-ef353471e267?q=80&w=1000&auto=format&fit=crop&ixlib=rb-4.0.3&ixid=M3wxMjA3fDB8MHxwaG90by1wYWdlfHx8fGVufDB8fHx8fA%3D%3D,a bald eagle perched on top of a bare tree,A bald eagle perched on top of a bare tree photo – Free Grey Image on Unsplash,full/0deb4ff8131f8d0147614ec23a40436580a8c36f.jpg
https://images.unsplash.com/photo-1710415273676-9ce421d24f86?q=80&w=1000&auto=format&fit=crop&ixlib=rb-4.0.3&ixid=M3wxMjA3fDB8MHxwaG90by1wYWdlfHx8fGVufDB8fHx8fA%3D%3D,a blue ice cave with rocks and water,A blue ice cave with rocks and water photo – Free Nature Image on Unsplash,full/091b3f56018965c4c8f1f052d11b834d4d538a9e.jpg
https://images.unsplash.com/photo-1623181392587-1d107a876150?q=80&w=1000&auto=format&fit=crop&ixlib=rb-4.0.3&ixid=M3wxMjA3fDB8MHxwaG90by1wYWdlfHx8fGVufDB8fHx8fA%3D%3D,a blurry photo of a plant with a blurry background,A blurry photo of a plant with a blurry background photo – Free Nature Image on Unsplash,full/e5ca646496c14538a1fc9eb81aa10c98a6dffbf9.jpg
https://images.unsplash.com/photo-1670909353550-1632f9824565?q=80&w=1000&auto=format&fit=crop&ixlib=rb-4.0.3&ixid=M3wxMjA3fDB8MHxwaG90by1wYWdlfHx8fGVufDB8fHx8fA%3D%3D,a group of mountain peaks surrounded by clouds,A group of mountain peaks surrounded by clouds photo – Free Tre cime di lavaredo Image on Unsplash,full/e44bad33870fb4fc909c160911dc99332e33cf1c.jpg
https://images.unsplash.com/photo-1541595710917-786e622215a7?q=80&w=1000&auto=format&fit=crop&ixlib=rb-4.0.3&ixid=M3wxMjA3fDB8MHxwaG90by1wYWdlfHx8fGVufDB8fHx8fA%3D%3D,focus photography of pink flower,Focus photography of pink flower photo – Free Flower Image on Unsplash,full/e53d6963da9c2efc13566fc9c5acde6e9c59df1c.jpg
https://images.unsplash.com/photo-1540206458-3b96c6332706?q=80&w=1000&auto=format&fit=crop&ixlib=rb-4.0.3&ixid=M3wxMjA3fDB8MHxwaG90by1wYWdlfHx8fGVufDB8fHx8fA%3D%3D,filled with green trees Island,Filled with green trees Island photo – Free Wallpaper Image on Unsplash,full/4ebba1b57a77bd133b60f5a2f0ee907b83538f89.jpg
https://images.unsplash.com/photo-1647331910473-ad5df83e2861?q=80&w=1000&auto=format&fit=crop&ixlib=rb-4.0.3&ixid=M3wxMjA3fDB8MHxwaG90by1wYWdlfHx8fGVufDB8fHx8fA%3D%3D,a group of animals walking across a snow covered field,A group of animals walking across a snow covered field photo – Free Nature Image on Unsplash,full/a8b1e48f3fcdc4ad5c7e5598b48980fea7f35dc7.jpg
https://images.unsplash.com/photo-1626625158499-c6fbf99bd9ee?q=80&w=1000&auto=format&fit=crop&ixlib=rb-4.0.3&ixid=M3wxMjA3fDB8MHxwaG90by1wYWdlfHx8fGVufDB8fHx8fA%3D%3D,brown and green mountains beside body of water during daytime,Brown and green mountains beside body of water during daytime photo – Free Rocks Image on Unsplash,full/9d2ec118db45e1813302d6a4ef63daac5eebd016.jpg
https://plus.unsplash.com/premium_photo-1676849172543-2644cb67a79d?q=80&w=1000&auto=format&fit=crop&ixlib=rb-4.0.3&ixid=M3wxMjA3fDB8MHxwaG90by1wYWdlfHx8fGVufDB8fHx8fA%3D%3D,a group of eggs with the word easter spelled out of them,A group of eggs with the word easter spelled out of them photo – Egg Image on Unsplash,full/56f7f80aab06d668569b83602a4978ca2278d2df.jpg
https://images.unsplash.com/photo-1621235151131-a7efd0c0c501?q=80&w=1000&auto=format&fit=crop&ixlib=rb-4.0.3&ixid=M3wxMjA3fDB8MHxwaG90by1wYWdlfHx8fGVufDB8fHx8fA%3D%3D,brown field under blue sky during daytime,Brown field under blue sky during daytime photo – Free Netherlands Image on Unsplash,full/53db25d5f0a3d22f5ea9dc93f5de4c3676bee2f8.jpg
https://images.unsplash.com/photo-1708769573779-69b9080a3810?q=80&w=1000&auto=format&fit=crop&ixlib=rb-4.0.3&ixid=M3wxMjA3fDB8MHxwaG90by1wYWdlfHx8fGVufDB8fHx8fA%3D%3D,a black and white bird with a large orange beak,A black and white bird with a large orange beak photo – Free Nature Image on Unsplash,full/bafb3857c9de07221c3c68fca89cfb557eaaa48b.jpg
https://images.unsplash.com/photo-1692605894363-592d3167f2e4?q=80&w=1000&auto=format&fit=crop&ixlib=rb-4.0.3&ixid=M3wxMjA3fDB8MHxwaG90by1wYWdlfHx8fGVufDB8fHx8fA%3D%3D,a couple of letters that are next to each other,A couple of letters that are next to each other photo – Free Render Image on Unsplash,full/a287c80217ee3700ea75a003ceb998ea26deed7f.jpg
https://plus.unsplash.com/premium_photo-1676243313182-032cb100beb7?q=80&w=1000&auto=format&fit=crop&ixlib=rb-4.0.3&ixid=M3wxMjA3fDB8MHxwaG90by1wYWdlfHx8fGVufDB8fHx8fA%3D%3D,a bunch of colorful balloons floating in the air,A bunch of colorful balloons floating in the air photo – Easter egg Image on Unsplash,full/17f8d27259937efeb599749e727706534f555cd4.jpg
https://images.unsplash.com/photo-1709555598751-d680c2177477?q=80&w=1000&auto=format&fit=crop&ixlib=rb-4.0.3&ixid=M3wxMjA3fDB8MHxwaG90by1wYWdlfHx8fGVufDB8fHx8fA%3D%3D,a bunch of balls that are sitting in the middle of a room,A bunch of balls that are sitting in the middle of a room photo – Free Render Image on Unsplash,full/a1c160eb4ed60b6ad14a7471c42a9248a06f3d0e.jpg
https://plus.unsplash.com/premium_photo-1676936014900-a65ce299b450?q=80&w=1000&auto=format&fit=crop&ixlib=rb-4.0.3&ixid=M3wxMjA3fDB8MHxwaG90by1wYWdlfHx8fGVufDB8fHx8fA%3D%3D,a pink egg sitting on top of a white spoon,A pink egg sitting on top of a white spoon photo – Happy easter Image on Unsplash,full/9c5368f8462f39827398f42e48881a82c111d561.jpg
https://images.unsplash.com/photo-1707259307253-36d5ce836317?q=80&w=1000&auto=format&fit=crop&ixlib=rb-4.0.3&ixid=M3wxMjA3fDB8MHxwaG90by1wYWdlfHx8fGVufDB8fHx8fA%3D%3D,a close up of a multicolored object in the air,A close up of a multicolored object in the air photo – Free Perú Image on Unsplash,full/cc9e61c3f7e74cf0933c9792f4008c64684e172e.jpg
https://images.unsplash.com/photo-1684785459021-761c8ee14e49?q=80&w=1000&auto=format&fit=crop&ixlib=rb-4.0.3&ixid=M3wxMjA3fDB8MHxwaG90by1wYWdlfHx8fGVufDB8fHx8fA%3D%3D,a pair of headphones sitting on top of a box,A pair of headphones sitting on top of a box photo – Free Render Image on Unsplash,full/5e7dbd8592ba48bd2e51f0d52dde645e2481cf66.jpg
https://images.unsplash.com/photo-1642942552674-8302b1123460?q=80&w=1000&auto=format&fit=crop&ixlib=rb-4.0.3&ixid=M3wxMjA3fDB8MHxwaG90by1wYWdlfHx8fGVufDB8fHx8fA%3D%3D,a close up of a pattern made of wood,A close up of a pattern made of wood photo – Free Wood Image on Unsplash,full/2f7007d6c9d5ab50308dd180dfd8e5f08bd3de3c.jpg
https://plus.unsplash.com/premium_photo-1677278873711-cec3ba6811c4?q=80&w=1000&auto=format&fit=crop&ixlib=rb-4.0.3&ixid=M3wxMjA3fDB8MHxwaG90by1wYWdlfHx8fGVufDB8fHx8fA%3D%3D,a group of orange balls sitting on top of white pedestals,A group of orange balls sitting on top of white pedestals photo – Eggs Image on Unsplash,full/e0b1c85ad3342ce6516a85681cd58a97f225205f.jpg
https://plus.unsplash.com/premium_photo-1676813810011-e633d58c2842?q=80&w=1000&auto=format&fit=crop&ixlib=rb-4.0.3&ixid=M3wxMjA3fDB8MHxwaG90by1wYWdlfHx8fGVufDB8fHx8fA%3D%3D,a group of brown eggs sitting on top of each other,A group of brown eggs sitting on top of each other photo – Background Image on Unsplash,full/3beddc663d0bebb69cd449a9d7f7932b06488b97.jpg
https://plus.unsplash.com/premium_photo-1676243313177-15710c06c877?q=80&w=1000&auto=format&fit=crop&ixlib=rb-4.0.3&ixid=M3wxMjA3fDB8MHxwaG90by1wYWdlfHx8fGVufDB8fHx8fA%3D%3D,a group of eggs sitting on top of a pile of grass,A group of eggs sitting on top of a pile of grass photo – Render Image on Unsplash,full/2429bffe3ddc4133a40de0de3cf3e9a71b3f2bb4.jpg
https://images.unsplash.com/photo-1692798200988-9894ae011ec4?q=80&w=1000&auto=format&fit=crop&ixlib=rb-4.0.3&ixid=M3wxMjA3fDB8MHxwaG90by1wYWdlfHx8fGVufDB8fHx8fA%3D%3D,a very large mountain with some clouds in the sky,A very large mountain with some clouds in the sky photo – Free Digital image Image on Unsplash,full/2fd195559f6e86306c238e8494672e50a5cffe1a.jpg
https://images.unsplash.com/photo-1707917051565-43320c406d38?q=80&w=1000&auto=format&fit=crop&ixlib=rb-4.0.3&ixid=M3wxMjA3fDB8MHxwaG90by1wYWdlfHx8fGVufDB8fHx8fA%3D%3D,a close up of a wall made up of many different colored tiles,A close up of a wall made up of many different colored tiles photo – Free Digital image Image on Unsplash,full/adae190e359f4d79ee5ae8699a5a4ca7da240ee7.jpg
https://images.unsplash.com/photo-1655509206649-a63396bed840?q=80&w=1000&auto=format&fit=crop&ixlib=rb-4.0.3&ixid=M3wxMjA3fDB8MHxwaG90by1wYWdlfHx8fGVufDB8fHx8fA%3D%3D,a planet in space,A planet in space photo – Free Render Image on Unsplash,full/db608c2353cc6faac661c77eec7b7ca65a092506.jpg
https://images.unsplash.com/photo-1703165805602-54276ce0cd6b?q=80&w=1000&auto=format&fit=crop&ixlib=rb-4.0.3&ixid=M3wxMjA3fDB8MHxwaG90by1wYWdlfHx8fGVufDB8fHx8fA%3D%3D,a close up of a bunch of eggs in a bowl,A close up of a bunch of eggs in a bowl photo – Free Render Image on Unsplash,full/df16db874327994210ca138b691ca8a83e224b7f.jpg
https://images.unsplash.com/photo-1675483328563-4d02ecba7f32?q=80&w=1000&auto=format&fit=crop&ixlib=rb-4.0.3&ixid=M3wxMjA3fDB8MHxwaG90by1wYWdlfHx8fGVufDB8fHx8fA%3D%3D,a close up of an orange and black background,A close up of an orange and black background photo – Free Digital image Image on Unsplash,full/6f347e656c459bc4b24979e7a444f0812dd97a32.jpg
https://images.unsplash.com/photo-1695885043166-62659ef41e38?q=80&w=1000&auto=format&fit=crop&ixlib=rb-4.0.3&ixid=M3wxMjA3fDB8MHxwaG90by1wYWdlfHx8fGVufDB8fHx8fA%3D%3D,a close up of a brown abstract background,A close up of a brown abstract background photo – Free Render Image on Unsplash,full/77d1fd8c3692c68aeba20576e853dbbd3e23a97a.jpg
https://images.unsplash.com/photo-1645235142939-096560a17aab?q=80&w=1000&auto=format&fit=crop&ixlib=rb-4.0.3&ixid=M3wxMjA3fDB8MHxwaG90by1wYWdlfHx8fGVufDB8fHx8fA%3D%3D,a bright sun in the middle of a black sky,A bright sun in the middle of a black sky photo – Free Space Image on Unsplash,full/40b832aaea5f679b39655c840aeec1ed217e0814.jpg
https://images.unsplash.com/photo-1689235540051-5c0e07074345?q=80&w=1000&auto=format&fit=crop&ixlib=rb-4.0.3&ixid=M3wxMjA3fDB8MHxwaG90by1wYWdlfHx8fGVufDB8fHx8fA%3D%3D,a desert landscape with sand dunes and a pink sky,A desert landscape with sand dunes and a pink sky photo – Free 3d Image on Unsplash,full/44ffc1f5427a8479a273c89ee298859dc63163ad.jpg
https://images.unsplash.com/photo-1710095800123-32fa1d53489d?q=80&w=1000&auto=format&fit=crop&ixlib=rb-4.0.3&ixid=M3wxMjA3fDB8MHxwaG90by1wYWdlfHx8fGVufDB8fHx8fA%3D%3D,a person riding a horse in the middle of a desert,A person riding a horse in the middle of a desert photo – Free Scenery Image on Unsplash,full/9b66a3f6fce68c4e97272262a9b6b28fd9ef3b91.jpg
https://images.unsplash.com/photo-1710228736245-5cb0efd30657?q=80&w=1000&auto=format&fit=crop&ixlib=rb-4.0.3&ixid=M3wxMjA3fDB8MHxwaG90by1wYWdlfHx8fGVufDB8fHx8fA%3D%3D,a large waterfall in the middle of a snowy field,A large waterfall in the middle of a snowy field photo – Free Iceland Image on Unsplash,full/509fbb653ca875cd3581d835bd3ddd903b669aa4.jpg
https://images.unsplash.com/photo-1710254716907-681ed1d2777a?q=80&w=1000&auto=format&fit=crop&ixlib=rb-4.0.3&ixid=M3wxMjA3fDB8MHxwaG90by1wYWdlfHx8fGVufDB8fHx8fA%3D%3D,a small boat is in the water in front of a city,A small boat is in the water in front of a city photo – Free Portugal Image on Unsplash,full/ff17d84e4ed0ca51660ca13e5048ce6272b077ae.jpg
https://images.unsplash.com/photo-1710133250068-d05788320339?q=80&w=1000&auto=format&fit=crop&ixlib=rb-4.0.3&ixid=M3wxMjA3fDB8MHxwaG90by1wYWdlfHx8fGVufDB8fHx8fA%3D%3D,a tall building with a sky in the background,A tall building with a sky in the background photo – Free China Image on Unsplash,full/6055b6723473435dd547e2970bc1e7b69574e465.jpg
https://images.unsplash.com/photo-1710314090970-0be7939ff127?q=80&w=1000&auto=format&fit=crop&ixlib=rb-4.0.3&ixid=M3wxMjA3fDB8MHxwaG90by1wYWdlfHx8fGVufDB8fHx8fA%3D%3D,a large white building with a clock on the top of it,A large white building with a clock on the top of it photo – Free Italy Image on Unsplash,full/22a78172c0f0c5400017a3340ee4c103627d1f11.jpg
https://images.unsplash.com/photo-1710313401455-d98568c5413f?q=80&w=1000&auto=format&fit=crop&ixlib=rb-4.0.3&ixid=M3wxMjA3fDB8MHxwaG90by1wYWdlfHx8fGVufDB8fHx8fA%3D%3D,a tall tower with a clock on it's side,A tall tower with a clock on it's side photo – Free Italy Image on Unsplash,full/5ea0e9706ce218c5ea3b183386800be4a1067f19.jpg
https://plus.unsplash.com/premium_photo-1672116453103-a38879a3ef0a?q=80&w=1000&auto=format&fit=crop&ixlib=rb-4.0.3&ixid=M3wxMjA3fDB8MHxwaG90by1wYWdlfHx8fGVufDB8fHx8fA%3D%3D,a narrow street with a clock tower in the distance,A narrow street with a clock tower in the distance photo – Portugal Image on Unsplash,full/1950cf1187ed19b09e68869f7c32d359fae204eb.jpg
https://images.unsplash.com/photo-1710209614924-6bf12ec19b85?q=80&w=1000&auto=format&fit=crop&ixlib=rb-4.0.3&ixid=M3wxMjA3fDB8MHxwaG90by1wYWdlfHx8fGVufDB8fHx8fA%3D%3D,a red taxi driving down a street next to tall buildings,A red taxi driving down a street next to tall buildings photo – Free Street photography Image on Unsplash,full/e7734545f50307c4616f11ba132eec3959f5ba65.jpg
https://images.unsplash.com/photo-1710254717030-747046239162?q=80&w=1000&auto=format&fit=crop&ixlib=rb-4.0.3&ixid=M3wxMjA3fDB8MHxwaG90by1wYWdlfHx8fGVufDB8fHx8fA%3D%3D,a group of buildings that are next to each other,A group of buildings that are next to each other photo – Free Portugal Image on Unsplash,full/690110fa30268b022162d4962ed874d23535b34c.jpg
https://images.unsplash.com/photo-1678626719534-727e94037a9d?q=80&w=1000&auto=format&fit=crop&ixlib=rb-4.0.3&ixid=M3wxMjA3fDB8MHxwaG90by1wYWdlfHx8fGVufDB8fHx8fA%3D%3D,a reflection of a building in a body of water,A reflection of a building in a body of water photo – Free India Image on Unsplash,full/7f08a2ce38bd250e609182b03c9fda1557c78611.jpg
https://images.unsplash.com/photo-1541584043451-7e04c389e7fb?q=80&w=1000&auto=format&fit=crop&ixlib=rb-4.0.3&ixid=M3wxMjA3fDB8MHxwaG90by1wYWdlfHx8fGVufDB8fHx8fA%3D%3D,boat on body of water near rock mountains,Boat on body of water near rock mountains photo – Free Switzerland Image on Unsplash,full/ff85c565d8ced8919985f71b754da46652d8abb0.jpg
https://images.unsplash.com/photo-1551497927-7237c36355c2?q=80&w=1000&auto=format&fit=crop&ixlib=rb-4.0.3&ixid=M3wxMjA3fDB8MHxwaG90by1wYWdlfHx8fGVufDB8fHx8fA%3D%3D,top angle photography of strawberries beside book,Top angle photography of strawberries beside book photo – Free Fashion Image on Unsplash,full/0791cff3c702f524a03e4a62839f5ac027d97011.jpg
https://images.unsplash.com/photo-1710313616175-e9ddfd20bb1a?q=80&w=1000&auto=format&fit=crop&ixlib=rb-4.0.3&ixid=M3wxMjA3fDB8MHxwaG90by1wYWdlfHx8fGVufDB8fHx8fA%3D%3D,a narrow alley way with a river running between two buildings,A narrow alley way with a river running between two buildings photo – Free Italy Image on Unsplash,full/d00b3447f77058d6977af5ea07e8d39b16e20679.jpg
https://images.unsplash.com/photo-1552931668-b6fedfb82b1a?q=80&w=1000&auto=format&fit=crop&ixlib=rb-4.0.3&ixid=M3wxMjA3fDB8MHxwaG90by1wYWdlfHx8fGVufDB8fHx8fA%3D%3D,flames,Flames photo – Free Fire Image on Unsplash,full/2cf658940734fd33adb8accd410467f4d64e6913.jpg
https://plus.unsplash.com/premium_photo-1691217595766-ec4a7bb897c6?q=80&w=1000&auto=format&fit=crop&ixlib=rb-4.0.3&ixid=M3wxMjA3fDB8MHxwaG90by1wYWdlfHx8fGVufDB8fHx8fA%3D%3D,a blue chair with an orange pillow on top of it,A blue chair with an orange pillow on top of it photo – Interior design Image on Unsplash,full/5ceeb3b71839eb7a3708e5250e582aafa7715a91.jpg
https://plus.unsplash.com/premium_photo-1710193817276-5ebc79f46714?q=80&w=1000&auto=format&fit=crop&ixlib=rb-4.0.3&ixid=M3wxMjA3fDB8MHxwaG90by1wYWdlfHx8fGVufDB8fHx8fA%3D%3D,an airplane is flying over a blue building,An airplane is flying over a blue building photo – Minimal architecture Image on Unsplash,full/79dd46c26bb9c1b7c4aef2b8e65a978d2c1f9c49.jpg
https://plus.unsplash.com/premium_photo-1672242577985-03a14f1389db?q=80&w=1000&auto=format&fit=crop&ixlib=rb-4.0.3&ixid=M3wxMjA3fDB8MHxwaG90by1wYWdlfHx8fGVufDB8fHx8fA%3D%3D,a green light shines on the side of a building,A green light shines on the side of a building photo – Wallpaper for mobile Image on Unsplash,full/17edcae80831d1056e9a6b625ba455927359877c.jpg
https://images.unsplash.com/photo-1544627836-5f343438a7d6?q=80&w=1000&auto=format&fit=crop&ixlib=rb-4.0.3&ixid=M3wxMjA3fDB8MHxwaG90by1wYWdlfHx8fGVufDB8fHx8fA%3D%3D,Golden Gate bridge at nighttime,Golden Gate bridge at nighttime photo – Free Wallpaper Image on Unsplash,full/ea36453e1f624efbd3fd97d8fcabcd9c64ec3c17.jpg
https://plus.unsplash.com/premium_photo-1670106461578-522f6b9fb3ac?q=80&w=1000&auto=format&fit=crop&ixlib=rb-4.0.3&ixid=M3wxMjA3fDB8MHxwaG90by1wYWdlfHx8fGVufDB8fHx8fA%3D%3D,a close-up of several gloves,A close-up of several gloves photo – Pattern Image on Unsplash,full/9b22e7dc19a6f4ac266580cf4369cb7d4857b640.jpg
https://images.unsplash.com/photo-1482697356779-829f8b11af4f?q=80&w=1000&auto=format&fit=crop&ixlib=rb-4.0.3&ixid=M3wxMjA3fDB8MHxwaG90by1wYWdlfHx8fGVufDB8fHx8fA%3D%3D,,Free Cuba Image on Unsplash,full/2321f2414e6a881beaaabc4b20bf4b128c649e98.jpg
https://images.unsplash.com/photo-1621343722485-aa2a26d31543?q=80&w=1000&auto=format&fit=crop&ixlib=rb-4.0.3&ixid=M3wxMjA3fDB8MHxwaG90by1wYWdlfHx8fGVufDB8fHx8fA%3D%3D,person in white shirt and black shorts jumping on golden gate bridge during daytime,Person in white shirt and black shorts jumping on golden gate bridge during daytime photo – Free Wallpapers Image on Unsplash,full/779d86fea18e52a795ce266bb0af713388e5b041.jpg
https://images.unsplash.com/photo-1620666965899-476e96a6e107?q=80&w=1000&auto=format&fit=crop&ixlib=rb-4.0.3&ixid=M3wxMjA3fDB8MHxwaG90by1wYWdlfHx8fGVufDB8fHx8fA%3D%3D,person in black jacket standing on green grass near body of water during daytime,Person in black jacket standing on green grass near body of water during daytime photo – Free Usa Image on Unsplash,full/208c46f51054cac6ba27d802691ae9f0d0ba5d72.jpg
https://images.unsplash.com/photo-1710333493100-c3e7980173a2?q=80&w=1000&auto=format&fit=crop&ixlib=rb-4.0.3&ixid=M3wxMjA3fDB8MHxwaG90by1wYWdlfHx8fGVufDB8fHx8fA%3D%3D,a long line of people walking across a snow covered slope,A long line of people walking across a snow covered slope photo – Free North macedonia Image on Unsplash,full/165c2c795493e93cc9877b3c32894ac20ce37a05.jpg
https://images.unsplash.com/photo-1710174801066-ab07f1da6c44?q=80&w=1000&auto=format&fit=crop&ixlib=rb-4.0.3&ixid=M3wxMjA3fDB8MHxwaG90by1wYWdlfHx8fGVufDB8fHx8fA%3D%3D,a tall building with a sky background,A tall building with a sky background photo – Free Urban Image on Unsplash,full/230d9e5a17109595a80f5b03764a2a93589d8b55.jpg
https://images.unsplash.com/photo-1710078102210-e8732f7d10db?q=80&w=1000&auto=format&fit=crop&ixlib=rb-4.0.3&ixid=M3wxMjA3fDB8MHxwaG90by1wYWdlfHx8fGVufDB8fHx8fA%3D%3D,an escalator in a building with a brick wall,An escalator in a building with a brick wall photo – Free Banten Image on Unsplash,full/16970186b20f9b46c5f349d3383d4fb16ae973dc.jpg
https://images.unsplash.com/photo-1710093141363-5930cf9b2f5c?q=80&w=1000&auto=format&fit=crop&ixlib=rb-4.0.3&ixid=M3wxMjA3fDB8MHxwaG90by1wYWdlfHx8fGVufDB8fHx8fA%3D%3D,a building that has a window on the side of it,A building that has a window on the side of it photo – Free Taksim square Image on Unsplash,full/51c994113fdfd2641014cd710876daee18ed1fcd.jpg
https://images.unsplash.com/photo-1710093134857-c2995222c913?q=80&w=1000&auto=format&fit=crop&ixlib=rb-4.0.3&ixid=M3wxMjA3fDB8MHxwaG90by1wYWdlfHx8fGVufDB8fHx8fA%3D%3D,a man riding a skateboard down a street next to a tall building,A man riding a skateboard down a street next to a tall building photo – Free Gümüşsuyu Image on Unsplash,full/957756cd10f9b8fad46d5845d834debb4c595890.jpg
https://images.unsplash.com/photo-1710249586246-6b4b03ead592?q=80&w=1000&auto=format&fit=crop&ixlib=rb-4.0.3&ixid=M3wxMjA3fDB8MHxwaG90by1wYWdlfHx8fGVufDB8fHx8fA%3D%3D,a tall building with a window and a balcony,A tall building with a window and a balcony photo – Free Tehran Image on Unsplash,full/93489b8de4b9b5cf9b4d69dd6cacd011c27ee1ee.jpg
https://images.unsplash.com/photo-1710255074163-576beab5fc63?q=80&w=1000&auto=format&fit=crop&ixlib=rb-4.0.3&ixid=M3wxMjA3fDB8MHxwaG90by1wYWdlfHx8fGVufDB8fHx8fA%3D%3D,a large white building with many windows and plants,A large white building with many windows and plants photo – Free India Image on Unsplash,full/065864ce1e6a80915606a86bef514196dedb5594.jpg
https://images.unsplash.com/photo-1710413294844-2be05369ecd2?q=80&w=1000&auto=format&fit=crop&ixlib=rb-4.0.3&ixid=M3wxMjA3fDB8MHxwaG90by1wYWdlfHx8fGVufDB8fHx8fA%3D%3D,an aerial view of a city with buildings and trees,An aerial view of a city with buildings and trees photo – Free Rome Image on Unsplash,full/cbdcb98c047d1fd8e5f79bc0a5bbc24996532607.jpg
https://images.unsplash.com/photo-1710352492489-ba6d8cbe5bcb?q=80&w=1000&auto=format&fit=crop&ixlib=rb-4.0.3&ixid=M3wxMjA3fDB8MHxwaG90by1wYWdlfHx8fGVufDB8fHx8fA%3D%3D,a building with a clock on the front of it,A building with a clock on the front of it photo – Free Office building Image on Unsplash,full/3bb71e060b4978acc16abb0e732c543cddc1b54f.jpg
https://images.unsplash.com/photo-1705499438100-fff66a0fce50?q=80&w=1000&auto=format&fit=crop&ixlib=rb-4.0.3&ixid=M3wxMjA3fDB8MHxwaG90by1wYWdlfHx8fGVufDB8fHx8fA%3D%3D,a tall building with a clock on the top of it,A tall building with a clock on the top of it photo – Free Building Image on Unsplash,full/95d5389d230ca63ea63e04c342d0c5370240e259.jpg
https://images.unsplash.com/photo-1708207371978-98865f8d2397?q=80&w=1000&auto=format&fit=crop&ixlib=rb-4.0.3&ixid=M3wxMjA3fDB8MHxwaG90by1wYWdlfHx8fGVufDB8fHx8fA%3D%3D,a bicycle parked next to a blue building,A bicycle parked next to a blue building photo – Free Street photography Image on Unsplash,full/7df882a27f1dcf47aaed6f61a3588b2032d4f9aa.jpg
https://images.unsplash.com/photo-1708393319571-eb773dee1935?q=80&w=1000&auto=format&fit=crop&ixlib=rb-4.0.3&ixid=M3wxMjA3fDB8MHxwaG90by1wYWdlfHx8fGVufDB8fHx8fA%3D%3D,a couple of chairs sitting outside of a building,A couple of chairs sitting outside of a building photo – Free Vietnam Image on Unsplash,full/af00ef76c7671b2d9d3c36a9eec8becc1ee86c62.jpg
https://images.unsplash.com/photo-1708426045497-c1ea57c21a09?q=80&w=1000&auto=format&fit=crop&ixlib=rb-4.0.3&ixid=M3wxMjA3fDB8MHxwaG90by1wYWdlfHx8fGVufDB8fHx8fA%3D%3D,a kitchen with a stove top and a wooden cutting board,A kitchen with a stove top and a wooden cutting board photo – Free Digital image Image on Unsplash,full/830f594e6c38e600c6385ec7ca8e67b46077f987.jpg
https://images.unsplash.com/photo-1708181679362-fee591510864?q=80&w=1000&auto=format&fit=crop&ixlib=rb-4.0.3&ixid=M3wxMjA3fDB8MHxwaG90by1wYWdlfHx8fGVufDB8fHx8fA%3D%3D,a very tall building with a blue sky in the background,A very tall building with a blue sky in the background photo – Free Blue Image on Unsplash,full/a0da42e43fc8774c2225fe49b96b8b41612db6de.jpg
https://images.unsplash.com/photo-1707400015348-b0a5851ab163?q=80&w=1000&auto=format&fit=crop&ixlib=rb-4.0.3&ixid=M3wxMjA3fDB8MHxwaG90by1wYWdlfHx8fGVufDB8fHx8fA%3D%3D,a narrow alley way with blue buildings and a street light,A narrow alley way with blue buildings and a street light photo – Free Chefchaouen Image on Unsplash,full/398202e03d99d8961c6911cdac4a0841181af8d0.jpg
https://images.unsplash.com/photo-1710176142999-d1a42bc886f0?q=80&w=1000&auto=format&fit=crop&ixlib=rb-4.0.3&ixid=M3wxMjA3fDB8MHxwaG90by1wYWdlfHx8fGVufDB8fHx8fA%3D%3D,a tall building with a blue sky in the background,A tall building with a blue sky in the background photo – Free Blue Image on Unsplash,full/4f18e168d77862647333e13a046488b33ebca395.jpg
https://images.unsplash.com/photo-1709488413853-c39d78274479?q=80&w=1000&auto=format&fit=crop&ixlib=rb-4.0.3&ixid=M3wxMjA3fDB8MHxwaG90by1wYWdlfHx8fGVufDB8fHx8fA%3D%3D,a pink house with a white front door,A pink house with a white front door photo – Free Fuerteventura Image on Unsplash,full/7d9f687db18b28151bf8b90286c7a14f0458973d.jpg
https://images.unsplash.com/photo-1650598308282-9629a232e77f?q=80&w=1000&auto=format&fit=crop&ixlib=rb-4.0.3&ixid=M3wxMjA3fDB8MHxwaG90by1wYWdlfHx8fGVufDB8fHx8fA%3D%3D,a close up of a snake,A close up of a snake photo – Free Texture Image on Unsplash,full/08db233c7e02f04c0fba36ea44b1255807e4630f.jpg
https://images.unsplash.com/photo-1710241735674-0be29a4f291a?q=80&w=1000&auto=format&fit=crop&ixlib=rb-4.0.3&ixid=M3wxMjA3fDB8MHxwaG90by1wYWdlfHx8fGVufDB8fHx8fA%3D%3D,a close up of a rock wall with peeling paint,A close up of a rock wall with peeling paint photo – Free Pattern Image on Unsplash,full/094b84ad5031b9620df6a8ec6a1ff1519f3624ae.jpg
https://images.unsplash.com/photo-1710244366278-e747686f3373?q=80&w=1000&auto=format&fit=crop&ixlib=rb-4.0.3&ixid=M3wxMjA3fDB8MHxwaG90by1wYWdlfHx8fGVufDB8fHx8fA%3D%3D,a white wall with black squares on it,A white wall with black squares on it photo – Free Pattern Image on Unsplash,full/f303d89e151a98098d3f4f90f84f1b5ad87d0ea4.jpg
https://images.unsplash.com/photo-1710227549687-26a88973a68f?q=80&w=1000&auto=format&fit=crop&ixlib=rb-4.0.3&ixid=M3wxMjA3fDB8MHxwaG90by1wYWdlfHx8fGVufDB8fHx8fA%3D%3D,a close up of a green tiled wall,A close up of a green tiled wall photo – Free Porto Image on Unsplash,full/7176990ed20b3c6b2d02a844a784fb9bc389c06d.jpg
https://images.unsplash.com/photo-1709990742347-07f67cc136cf?q=80&w=1000&auto=format&fit=crop&ixlib=rb-4.0.3&ixid=M3wxMjA3fDB8MHxwaG90by1wYWdlfHx8fGVufDB8fHx8fA%3D%3D,a blue and black abstract background with squares and rectangles,A blue and black abstract background with squares and rectangles photo – Free Pattern Image on Unsplash,full/48d761944c5aafa10c961e68e3f4658b0cf1d816.jpg
https://images.unsplash.com/photo-1706800696296-69e1271b4521?q=80&w=1000&auto=format&fit=crop&ixlib=rb-4.0.3&ixid=M3wxMjA3fDB8MHxwaG90by1wYWdlfHx8fGVufDB8fHx8fA%3D%3D,a spiral galaxy with stars in the background,A spiral galaxy with stars in the background photo – Free Pattern Image on Unsplash,full/a0d0736bdfd54e051bfb2735fce3cdd23236ba5e.jpg
https://images.unsplash.com/photo-1706562018252-5ce3eadb2288?q=80&w=1000&auto=format&fit=crop&ixlib=rb-4.0.3&ixid=M3wxMjA3fDB8MHxwaG90by1wYWdlfHx8fGVufDB8fHx8fA%3D%3D,a group of objects that are in the dark,A group of objects that are in the dark photo – Free Texture Image on Unsplash,full/e8f12d83109cecded3ef68f364b9599185321187.jpg
https://images.unsplash.com/photo-1568794838254-2886bf135d3c?q=80&w=1000&auto=format&fit=crop&ixlib=rb-4.0.3&ixid=M3wxMjA3fDB8MHxwaG90by1wYWdlfHx8fGVufDB8fHx8fA%3D%3D,green river,Green river photo – Free Nature Image on Unsplash,full/6c10649e067097fc1c812287ff5e7692a554b6a9.jpg
https://images.unsplash.com/photo-1709290649154-54c725bd4484?q=80&w=1000&auto=format&fit=crop&ixlib=rb-4.0.3&ixid=M3wxMjA3fDB8MHxwaG90by1wYWdlfHx8fGVufDB8fHx8fA%3D%3D,a picture of a green object with a white background,A picture of a green object with a white background photo – Free #oildroplets Image on Unsplash,full/b02d907b104861b4a3ba2888fbbdb8785428dda6.jpg
https://images.unsplash.com/photo-1710003875679-68aa1202e6ae?q=80&w=1000&auto=format&fit=crop&ixlib=rb-4.0.3&ixid=M3wxMjA3fDB8MHxwaG90by1wYWdlfHx8fGVufDB8fHx8fA%3D%3D,a blurry photo of a tree with a sky in the background,A blurry photo of a tree with a sky in the background photo – Free Analog photography Image on Unsplash,full/2035f34bad7e7caeff73cbedcd2b4b35f91fc3f0.jpg
https://images.unsplash.com/photo-1706982706385-a50cccfcb8b5?q=80&w=1000&auto=format&fit=crop&ixlib=rb-4.0.3&ixid=M3wxMjA3fDB8MHxwaG90by1wYWdlfHx8fGVufDB8fHx8fA%3D%3D,a drawing of a yellow and black object,A drawing of a yellow and black object photo – Free Painting Image on Unsplash,full/9f2622d41bf167eae0dacd603201eb22ec353aec.jpg
https://images.unsplash.com/photo-1548504769-900b70ed122e?q=80&w=1000&auto=format&fit=crop&ixlib=rb-4.0.3&ixid=M3wxMjA3fDB8MHxwaG90by1wYWdlfHx8fGVufDB8fHx8fA%3D%3D,a close up of a yellow and orange background,A close up of a yellow and orange background photo – Free Orange Image on Unsplash,full/638512727330d43b8a428174ca79fbc093531024.jpg
https://images.unsplash.com/photo-1573676564862-0e57e7eef951?q=80&w=1000&auto=format&fit=crop&ixlib=rb-4.0.3&ixid=M3wxMjA3fDB8MHxwaG90by1wYWdlfHx8fGVufDB8fHx8fA%3D%3D,a blurry image of a car from a window,A blurry image of a car from a window photo – Free Texture Image on Unsplash,full/961b55bc0e9b7884605d53c8c9ecf5e1c648f3c1.jpg
https://images.unsplash.com/photo-1555787040-102294ad01d7?q=80&w=1000&auto=format&fit=crop&ixlib=rb-4.0.3&ixid=M3wxMjA3fDB8MHxwaG90by1wYWdlfHx8fGVufDB8fHx8fA%3D%3D,a blurry photo of a tree with no leaves,A blurry photo of a tree with no leaves photo – Free Texture Image on Unsplash,full/1d2dfd490d9cd844857228fa8860610afcdabd7c.jpg
https://images.unsplash.com/photo-1602536100338-c7762727ddb7?q=80&w=1000&auto=format&fit=crop&ixlib=rb-4.0.3&ixid=M3wxMjA3fDB8MHxwaG90by1wYWdlfHx8fGVufDB8fHx8fA%3D%3D,brown and white water splash,Brown and white water splash photo – Free Texture Image on Unsplash,full/c214cc647a23936a50387d024d9d919c0044dc79.jpg
https://images.unsplash.com/photo-1609709725221-d3c6bdadc166?q=80&w=1000&auto=format&fit=crop&ixlib=rb-4.0.3&ixid=M3wxMjA3fDB8MHxwaG90by1wYWdlfHx8fGVufDB8fHx8fA%3D%3D,brown and black wooden surface,Brown and black wooden surface photo – Free Texture Image on Unsplash,full/46a8c3366c383f123edc029b8c68c39e8968ce14.jpg
https://images.unsplash.com/photo-1709409903008-fbc1ce9b7dfa?q=80&w=1000&auto=format&fit=crop&ixlib=rb-4.0.3&ixid=M3wxMjA3fDB8MHxwaG90by1wYWdlfHx8fGVufDB8fHx8fA%3D%3D,an image of a very large star cluster in the sky,An image of a very large star cluster in the sky photo – Free Variable stars Image on Unsplash,full/2b20f1a8318afd74b535f3b153b42120c3df9b1d.jpg
https://images.unsplash.com/photo-1710349749007-749f8e066d2b?q=80&w=1000&auto=format&fit=crop&ixlib=rb-4.0.3&ixid=M3wxMjA3fDB8MHxwaG90by1wYWdlfHx8fGVufDB8fHx8fA%3D%3D,a person sitting in a chair in front of a window,A person sitting in a chair in front of a window photo – Free Street photography Image on Unsplash,full/2ac1681ff0e3386dc0c96326137f306ced5462d3.jpg
https://images.unsplash.com/photo-1710347423454-5ad465b506e8?q=80&w=1000&auto=format&fit=crop&ixlib=rb-4.0.3&ixid=M3wxMjA3fDB8MHxwaG90by1wYWdlfHx8fGVufDB8fHx8fA%3D%3D,a narrow alley way with signs and a bicycle parked on the side,A narrow alley way with signs and a bicycle parked on the side photo – Free Tokyo Image on Unsplash,full/6a791db358943c9f2ddb92750c82dabb0a52f450.jpg
https://images.unsplash.com/photo-1710390840386-d5a0e4036c58?q=80&w=1000&auto=format&fit=crop&ixlib=rb-4.0.3&ixid=M3wxMjA3fDB8MHxwaG90by1wYWdlfHx8fGVufDB8fHx8fA%3D%3D,a man walking down an alley way at night,A man walking down an alley way at night photo – Free Street Image on Unsplash,full/6e2cec59ffc85eb67dcdece98f9e8399cbf1c318.jpg
https://images.unsplash.com/photo-1710421871224-b5b3b935ba03?q=80&w=1000&auto=format&fit=crop&ixlib=rb-4.0.3&ixid=M3wxMjA3fDB8MHxwaG90by1wYWdlfHx8fGVufDB8fHx8fA%3D%3D,a shadow of a person holding a cell phone,A shadow of a person holding a cell phone photo – Free Street photography Image on Unsplash,full/8de973b835fdf5a46a1750e810f9d641d45e70d0.jpg
https://images.unsplash.com/photo-1710259575191-228deeedf212?q=80&w=1000&auto=format&fit=crop&ixlib=rb-4.0.3&ixid=M3wxMjA3fDB8MHxwaG90by1wYWdlfHx8fGVufDB8fHx8fA%3D%3D,two people are walking through a subway station,Two people are walking through a subway station photo – Free Budapest Image on Unsplash,full/350734c84031df35bd9b4a11410d94172ef4d7d2.jpg
https://images.unsplash.com/photo-1710418274692-a86f1c74ef91?q=80&w=1000&auto=format&fit=crop&ixlib=rb-4.0.3&ixid=M3wxMjA3fDB8MHxwaG90by1wYWdlfHx8fGVufDB8fHx8fA%3D%3D,a man riding a bike down a street next to a tall building,A man riding a bike down a street next to a tall building photo – Free Street photography Image on Unsplash,full/f5dc073f008c8f7ad01d3b148b3ad8a16149d3d4.jpg
https://images.unsplash.com/photo-1710418467761-cb8efcf525db?q=80&w=1000&auto=format&fit=crop&ixlib=rb-4.0.3&ixid=M3wxMjA3fDB8MHxwaG90by1wYWdlfHx8fGVufDB8fHx8fA%3D%3D,a red scooter parked on the side of a street,A red scooter parked on the side of a street photo – Free Street photography Image on Unsplash,full/d31b75c6d2689d88535ee630f54ea97ae74094dc.jpg
https://images.unsplash.com/photo-1710421871838-029427bed6b4?q=80&w=1000&auto=format&fit=crop&ixlib=rb-4.0.3&ixid=M3wxMjA3fDB8MHxwaG90by1wYWdlfHx8fGVufDB8fHx8fA%3D%3D,a person is running in front of a building,A person is running in front of a building photo – Free Street photography Image on Unsplash,full/5f00106225c42c2d4e06583b75b24288305d7a42.jpg
https://images.unsplash.com/photo-1710418456233-4bb6686b8857?q=80&w=1000&auto=format&fit=crop&ixlib=rb-4.0.3&ixid=M3wxMjA3fDB8MHxwaG90by1wYWdlfHx8fGVufDB8fHx8fA%3D%3D,a city street lined with tall buildings in the background,A city street lined with tall buildings in the background photo – Free Seoul Image on Unsplash,full/17bd829372cfc42e42039d9bc70019f001133857.jpg
https://images.unsplash.com/photo-1710347423368-e6ce9aebf146?q=80&w=1000&auto=format&fit=crop&ixlib=rb-4.0.3&ixid=M3wxMjA3fDB8MHxwaG90by1wYWdlfHx8fGVufDB8fHx8fA%3D%3D,a building with a sign that says grand avenue,A building with a sign that says grand avenue photo – Free Tokyo Image on Unsplash,full/da4844fa5be7145cb549c147a4b223d597c26ab3.jpg
